{"cameraMode":{"drawMode":0,"name":"Shaded","section":"Shading Mode"},"sceneLighting":true,"audioPlay":false,"sceneViewState":{"m_AlwaysRefresh":false,"showFog":true,"showSkybox":true,"showFlares":true,"showImageEffects":true,"showParticleSystems":true,"showVisualEffectGraphs":true,"m_FxEnabled":true},"in2DMode":false,"pivot":{"x":1.5381662845611573,"y":4.447340488433838,"z":-11.715201377868653},"rotation":{"x":0.0954628437757492,"y":0.048364315181970599,"z":-0.004643616732209921,"w":0.994378387928009},"size":9.314881324768067,"orthographic":false}